segment,n_events,median_rate,total_own_lift,total_peer_net_change,aggregate_cannibalization_rate
SUW,2375,-0.03581005401031871,1301107.4629218564,5699867.560803143,-4.380781544364621
SFW,2967,-0.175591220257956,944030.8214225378,1569890.5814132227,-1.6629653881931434
